age,background_mortality_prob,mean_background_cost_2019,background_cost_low_ci_2019,background_cost_high_ci_2019,mean_background_cost_2025,background_cost_low_ci_2025,background_cost_high_ci_2025,,,,,,,,
0,0.005531,2061.79,1553.30,2477.52,2379.00,1792.27,2858.69,,,,,,,,
1,0.000401,2045.01,1603.13,2418.05,2359.64,1849.78,2790.07,,,,,,,,
2,0.000260,2034.22,1656.10,2372.31,2347.19,1910.90,2737.30,,,,,,,,
3,0.000205,2029.50,1706.76,2335.88,2341.75,1969.35,2695.26,,,,,,,,
4,0.000166,2028.88,1755.06,2306.58,2341.03,2025.08,2661.46,,,,,,,,
5,0.000148,2032.07,1784.36,2286.27,2344.70,2058.89,2638.02,,,,,,,,
6,0.000135,2038.71,1813.01,2274.21,2352.37,2091.95,2624.10,,,,,,,,
7,0.000126,2049.40,1842.31,2266.95,2364.71,2125.75,2615.73,,,,,,,,
8,0.000115,2063.78,1873.12,2264.25,2381.30,2161.31,2612.61,,,,,,,,
9,0.000104,2081.98,1906.14,2266.29,2402.30,2199.40,2614.96,,,,,,,,
10,0.000098,2104.51,1941.92,2281.26,2428.29,2240.68,2632.24,,,,,,,,
11,0.000105,2131.50,1980.58,2304.00,2459.44,2285.30,2658.47,,,,,,,,
12,0.000137,2162.62,2026.21,2330.74,2495.35,2337.95,2689.34,,,,,,,,
13,0.000196,2198.18,2073.23,2361.48,2536.37,2392.20,2724.80,,,,,,,,
14,0.000274,2238.21,2123.35,2387.76,2582.56,2450.03,2755.12,,,,,,,,
15,0.000359,2282.92,2173.40,2418.02,2634.16,2507.78,2790.04,,,,,,,,
16,0.000439,2330.33,2221.72,2453.04,2688.86,2563.54,2830.45,,,,,,,,
17,0.000515,2381.27,2275.14,2491.61,2747.64,2625.18,2874.95,,,,,,,,
18,0.000583,2435.78,2331.81,2534.81,2810.54,2690.57,2924.79,,,,,,,,
19,0.000646,2493.29,2389.88,2591.97,2876.89,2757.57,2990.75,,,,,,,,
20,0.000714,2553.77,2448.42,2654.34,2946.68,2825.11,3062.71,,,,,,,,
21,0.000783,2615.46,2515.76,2723.40,3017.85,2902.82,3142.40,,,,,,,,
22,0.000841,2679.13,2587.54,2794.69,3091.32,2985.64,3224.66,,,,,,,,
23,0.000883,2745.58,2651.38,2869.04,3167.99,3059.30,3310.45,,,,,,,,
24,0.000915,2815.76,2718.87,2942.35,3248.97,3137.18,3395.04,,,,,,,,
25,0.000942,2889.78,2789.55,3017.17,3334.38,3218.73,3481.37,,,,,,,,
26,0.000978,2968.28,2865.25,3097.19,3424.95,3306.07,3573.70,,,,,,,,
27,0.001028,3050.31,2943.90,3180.26,3519.61,3396.82,3669.55,,,,,,,,
28,0.001099,3136.31,3026.25,3278.07,3618.84,3491.85,3782.41,,,,,,,,
29,0.001183,3225.61,3112.78,3379.40,3721.88,3591.69,3899.33,,,,,,,,
30,0.001269,3322.73,3208.68,3487.26,3833.94,3702.35,4023.79,,,,,,,,
31,0.001351,3429.51,3312.55,3604.26,3957.15,3822.19,4158.78,,,,,,,,
32,0.001430,3537.91,3417.47,3724.73,4082.23,3943.26,4297.79,,,,,,,,
33,0.001506,3652.41,3527.65,3846.10,4214.34,4070.39,4437.83,,,,,,,,
34,0.001583,3778.07,3641.06,3969.79,4359.33,4201.25,4580.55,,,,,,,,
35,0.001664,3905.70,3775.46,4096.43,4506.60,4356.33,4726.68,,,,,,,,
36,0.001753,4043.25,3902.44,4235.01,4665.32,4502.84,4886.58,,,,,,,,
37,0.001849,4188.90,4044.44,4384.20,4833.38,4666.69,5058.72,,,,,,,,
38,0.001955,4347.23,4191.07,4550.25,5016.06,4835.88,5250.32,,,,,,,,
39,0.002066,4517.10,4354.05,4726.83,5212.07,5023.93,5454.06,,,,,,,,
40,0.002190,4696.04,4539.24,4911.73,5418.54,5237.62,5667.42,,,,,,,,
41,0.002319,4888.44,4728.68,5109.00,5640.54,5456.20,5895.03,,,,,,,,
42,0.002440,5085.97,4919.97,5299.14,5868.46,5676.92,6114.43,,,,,,,,
43,0.002550,5245.83,5087.83,5455.92,6052.91,5870.61,6295.33,,,,,,,,
44,0.002661,5388.50,5222.58,5604.94,6217.54,6026.09,6467.27,,,,,,,,
45,0.002786,5536.11,5361.15,5758.76,6387.85,6185.98,6644.76,,,,,,,,
46,0.002942,5688.98,5504.15,5917.23,6564.24,6350.98,6827.61,,,,,,,,
47,0.003133,5847.39,5656.33,6080.13,6747.02,6526.57,7015.57,,,,,,,,
48,0.003359,6011.67,5817.12,6247.44,6936.58,6712.10,7208.62,,,,,,,,
49,0.003615,6181.77,5984.10,6418.90,7132.85,6904.76,7406.47,,,,,,,,
50,0.003898,6357.38,6153.71,6594.02,7335.48,7100.47,7608.52,,,,,,,,
51,0.004205,6538.28,6327.95,6774.61,7544.22,7301.52,7816.91,,,,,,,,
52,0.004529,6724.58,6508.05,6969.23,7759.17,7509.33,8041.46,,,,,,,,
53,0.004873,6916.63,6694.86,7176.64,7980.77,7724.89,8280.79,,,,,,,,
54,0.005252,7114.98,6884.99,7390.53,8209.64,7944.26,8527.58,,,,,,,,
55,0.005652,7326.55,7089.04,7599.65,8453.76,8179.71,8768.88,,,,,,,,
56,0.006104,7547.84,7302.90,7828.55,8709.10,8426.47,9032.99,,,,,,,,
57,0.006656,7772.20,7517.07,8069.72,8967.97,8673.59,9311.27,,,,,,,,
58,0.007316,7999.56,7729.89,8314.12,9230.32,8919.16,9593.26,,,,,,,,
59,0.008040,8229.49,7945.72,8553.42,9495.62,9168.19,9869.38,,,,,,,,
60,0.008779,8462.08,8164.54,8791.84,9763.99,9420.67,10144.49,,,,,,,,
61,0.009511,8696.60,8385.52,9031.03,10034.59,9675.65,10420.48,,,,,,,,
62,0.010252,8932.66,8620.25,9271.25,10306.98,9946.50,10697.66,,,,,,,,
63,0.011021,9170.01,8858.49,9511.65,10580.84,10221.39,10975.05,,,,,,,,
64,0.011837,9408.20,9101.80,9752.13,10855.68,10502.14,11252.52,,,,,,,,
65,0.012723,9646.80,9341.50,9992.80,11130.99,10778.71,11530.22,,,,,,,,
66,0.013783,9887.01,9573.75,10249.72,11408.15,11046.70,11826.67,,,,,,,,
67,0.014771,10126.87,9806.35,10510.98,11684.92,11315.09,12128.13,,,,,,,,
68,0.015845,10366.28,10038.66,10770.70,11961.16,11583.14,12427.80,,,,,,,,
69,0.016966,10606.24,10269.19,11030.09,12238.04,11849.13,12727.10,,,,,,,,
70,0.018110,10845.41,10489.96,11289.28,12514.00,12103.87,13026.16,,,,,,,,
71,0.019489,11083.54,10711.00,11545.46,12788.77,12358.92,13321.75,,,,,,,,
72,0.021136,11321.66,10932.05,11800.79,13063.53,12613.98,13616.37,,,,,,,,
73,0.022936,11558.27,11153.33,12054.08,13336.54,12869.30,13908.63,,,,,,,,
74,0.025125,11793.78,11374.21,12304.60,13608.29,13124.16,14197.69,,,,,,,,
75,0.027586,12028.96,11595.48,12555.88,13879.64,13379.47,14487.64,,,,,,,,
76,0.030376,12262.30,11816.10,12801.70,14148.88,13634.04,14771.28,,,,,,,,
77,0.032830,12494.32,12036.83,13048.29,14416.60,13888.73,15055.81,,,,,,,,
78,0.037438,12727.62,12257.44,13296.57,14685.79,14143.28,15342.28,,,,,,,,
79,0.041077,12954.96,12477.37,13534.01,14948.11,14397.05,15616.26,,,,,,,,
80,0.046154,13184.65,12697.67,13776.69,15213.14,14651.24,15896.27,,,,,,,,
81,0.051126,13415.47,12917.80,14022.02,15479.47,14905.23,16179.34,,,,,,,,
82,0.057587,13640.62,13137.43,14259.57,15739.26,15158.66,16453.45,,,,,,,,
83,0.063598,13863.08,13357.27,14490.53,15995.95,15412.32,16719.93,,,,,,,,
84,0.070988,14091.16,13541.25,14733.23,16259.12,15624.61,16999.98,,,,,,,,
85,0.078467,14307.15,13705.65,14956.25,16508.35,15814.30,17257.31,,,,,,,,
86,0.088254,14307.15,13705.65,14956.25,16508.35,15814.30,17257.31,,,,,,,,
87,0.099057,14307.15,13705.65,14956.25,16508.35,15814.30,17257.31,,,,,,,,
88,0.110928,14307.15,13705.65,14956.25,16508.35,15814.30,17257.31,,,,,,,,
89,0.123911,14307.15,13705.65,14956.25,16508.35,15814.30,17257.31,,,,,,,,
90,0.138036,14307.15,13705.65,14956.25,16508.35,15814.30,17257.31,,,,,,,,
91,0.153317,14307.15,13705.65,14956.25,16508.35,15814.30,17257.31,,,,,,,,
92,0.169746,14307.15,13705.65,14956.25,16508.35,15814.30,17257.31,,,,,,,,
93,0.187293,14307.15,13705.65,14956.25,16508.35,15814.30,17257.31,,,,,,,,
94,0.205902,14307.15,13705.65,14956.25,16508.35,15814.30,17257.31,,,,,,,,
95,0.225491,14307.15,13705.65,14956.25,16508.35,15814.30,17257.31,,,,,,,,
96,0.245949,14307.15,13705.65,14956.25,16508.35,15814.30,17257.31,,,,,,,,
97,0.267138,14307.15,13705.65,14956.25,16508.35,15814.30,17257.31,,,,,,,,
98,0.288900,14307.15,13705.65,14956.25,16508.35,15814.30,17257.31,,,,,,,,
99,0.311054,14307.15,13705.65,14956.25,16508.35,15814.30,17257.31,,,,,,,,
100,1,14307.15,13705.65,14956.25,16508.35,15814.30,17257.31,,,,,,,,
,,,,,,,,,,,,,,,
,,,,,,,,,,,,,,,